school,domain,reported_total,emails_extracted
ESCP Business School,escp.eu,34,34
ESSEC Business School,essec.edu,44,44
emlyon business school,em-lyon.com,3,3
EDHEC Business School,edhec.edu,2,2
SKEMA Business School,skema.edu,3,3
Grenoble École de Management,grenoble-em.com,2,2
Audencia,audencia.com,3,3
NEOMA Business School,neoma-bs.com,2,2
KEDGE Business School,kedge.edu,0,0
IÉSEG School of Management,ieseg.fr,2,2
TBS Education,tbs-education.fr,0,0
Rennes School of Business,rennes-sb.com,1,1
Montpellier Business School,montpellier-bs.com,1,1
Excelia Business School,excelia-group.com,1,1
ICN Business School,icn-artem.com,1,1
ESSCA School of Management,essca.eu,4,4
EM Strasbourg Business School,em-strasbourg.com,0,0
Burgundy School of Business,bsb-education.com,2,2
Paris School of Business,psbedu.paris,0,0
Institut Mines-Télécom Business School,imt-bs.eu,0,0
EM Normandie,em-normandie.com,0,0
Clermont School of Business,esc-clermont.fr,0,0
MBS School of Business,mbs-education.com,0,0
ISC Paris,iscparis.com,17,17
EDC Paris Business School,edcparis.edu,0,0
ISG,isg.fr,3,3
