school,domain,reported_total,email
ESCP Business School,escp.eu,34,pauline.cellard@edu.escp.eu
ESCP Business School,escp.eu,34,alfredo_martino.marenzana@edu.escp.eu
ESCP Business School,escp.eu,34,francesco_vito.lella@edu.escp.eu
ESCP Business School,escp.eu,34,sacha.lancelot@edu.escp.eu
ESCP Business School,escp.eu,34,dmarchionne@escp.eu
ESCP Business School,escp.eu,34,yiyang.shen@edu.escp.eu
ESCP Business School,escp.eu,34,margherita.magrini@edu.escp.eu
ESCP Business School,escp.eu,34,mvizah@escp.eu
ESCP Business School,escp.eu,34,charles.bence@edu.escp.eu
ESCP Business School,escp.eu,34,izumi.codron@edu.escp.eu
ESCP Business School,escp.eu,34,kwatson@escp.eu
ESCP Business School,escp.eu,34,claudia.basile@edu.escp.eu
ESCP Business School,escp.eu,34,chiara.cinaglia@edu.escp.eu
ESCP Business School,escp.eu,34,raphael.bischoff@edu.escp.eu
ESCP Business School,escp.eu,34,fdelacaze@escp.eu
ESCP Business School,escp.eu,34,valentin.aubert@edu.escp.eu
ESCP Business School,escp.eu,34,minghao.wei@edu.escp.eu
ESCP Business School,escp.eu,34,timothee.robino@edu.escp.eu
ESCP Business School,escp.eu,34,clement.levita_diouf@edu.escp.eu
ESCP Business School,escp.eu,34,sofia.masetto@edu.escp.eu
ESCP Business School,escp.eu,34,lucas.pilliere@edu.escp.eu
ESCP Business School,escp.eu,34,marco.parello@edu.escp.eu
ESCP Business School,escp.eu,34,cecilia.abbozzo@edu.escp.eu
ESCP Business School,escp.eu,34,clementine.monfort@edu.escp.eu
ESCP Business School,escp.eu,34,francesca.tenconi@edu.escp.eu
ESCP Business School,escp.eu,34,louis.gargaro@edu.escp.eu
ESCP Business School,escp.eu,34,agnes.peyre@edu.escp.eu
ESCP Business School,escp.eu,34,xiaoyang.wang@edu.escp.eu
ESCP Business School,escp.eu,34,julie.faffa@edu.escp.eu
ESCP Business School,escp.eu,34,hyun_woo.kim@edu.escp.eu
ESCP Business School,escp.eu,34,yanis.landry@edu.escp.eu
ESCP Business School,escp.eu,34,noe.demai@edu.escp.eu
ESCP Business School,escp.eu,34,victor.cotard@edu.escp.eu
ESCP Business School,escp.eu,34,jmosquera@escp.eu
ESSEC Business School,essec.edu,44,b00821076@essec.edu
ESSEC Business School,essec.edu,44,b00807487@essec.edu
ESSEC Business School,essec.edu,44,b00836726@essec.edu
ESSEC Business School,essec.edu,44,b00829678@essec.edu
ESSEC Business School,essec.edu,44,b00814185@essec.edu
ESSEC Business School,essec.edu,44,b00839427@essec.edu
ESSEC Business School,essec.edu,44,b00833593@essec.edu
ESSEC Business School,essec.edu,44,b00754836@essec.edu
ESSEC Business School,essec.edu,44,b00537789@essec.edu
ESSEC Business School,essec.edu,44,b00752939@essec.edu
ESSEC Business School,essec.edu,44,b00803745@essec.edu
ESSEC Business School,essec.edu,44,b00812541@essec.edu
ESSEC Business School,essec.edu,44,b00543054@essec.edu
ESSEC Business School,essec.edu,44,segolene.tourmente@essec.edu
ESSEC Business School,essec.edu,44,b00799097@essec.edu
ESSEC Business School,essec.edu,44,b00684685@essec.edu
ESSEC Business School,essec.edu,44,b00832562@essec.edu
ESSEC Business School,essec.edu,44,catherine.ngokelbe@essec.edu
ESSEC Business School,essec.edu,44,b00629856@essec.edu
ESSEC Business School,essec.edu,44,b00831946@essec.edu
ESSEC Business School,essec.edu,44,b00813685@essec.edu
ESSEC Business School,essec.edu,44,b00814864@essec.edu
ESSEC Business School,essec.edu,44,b00833540@essec.edu
ESSEC Business School,essec.edu,44,b00833204@essec.edu
ESSEC Business School,essec.edu,44,b00821270@essec.edu
ESSEC Business School,essec.edu,44,b00833505@essec.edu
ESSEC Business School,essec.edu,44,b00822091@essec.edu
ESSEC Business School,essec.edu,44,b00821597@essec.edu
ESSEC Business School,essec.edu,44,b00814953@essec.edu
ESSEC Business School,essec.edu,44,b00833939@essec.edu
ESSEC Business School,essec.edu,44,b00161114@essec.edu
ESSEC Business School,essec.edu,44,b00786605@essec.edu
ESSEC Business School,essec.edu,44,b00820957@essec.edu
ESSEC Business School,essec.edu,44,b00820045@essec.edu
ESSEC Business School,essec.edu,44,b00820896@essec.edu
ESSEC Business School,essec.edu,44,b00807544@essec.edu
ESSEC Business School,essec.edu,44,ying.lu@essec.edu
ESSEC Business School,essec.edu,44,b00806810@essec.edu
ESSEC Business School,essec.edu,44,b00320020@essec.edu
ESSEC Business School,essec.edu,44,b00467593@essec.edu
ESSEC Business School,essec.edu,44,b00791950@essec.edu
ESSEC Business School,essec.edu,44,b00795012@essec.edu
ESSEC Business School,essec.edu,44,cerdin@essec.edu
ESSEC Business School,essec.edu,44,Stul@essec.edu
emlyon business school,em-lyon.com,3,margot.gendreau@edu.em-lyon.com
emlyon business school,em-lyon.com,3,denizet@em-lyon.com
emlyon business school,em-lyon.com,3,lisa.bouiche@edu.em-lyon.com
EDHEC Business School,edhec.edu,2,line.peters@edhec.edu
EDHEC Business School,edhec.edu,2,emilie.lecoq@edhec.edu
SKEMA Business School,skema.edu,3,yarong.liu@skema.edu
SKEMA Business School,skema.edu,3,marion.bourgeois@skema.edu
SKEMA Business School,skema.edu,3,brenda.timegni@skema.edu
Grenoble École de Management,grenoble-em.com,2,typhaine.chamond@grenoble-em.com
Grenoble École de Management,grenoble-em.com,2,guillaume.pourquie@grenoble-em.com
Audencia,audencia.com,3,laetitia.devy@audencia.com
Audencia,audencia.com,3,thibault.boutin@audencia.com
Audencia,audencia.com,3,crival@audencia.com
NEOMA Business School,neoma-bs.com,2,guillaume.basso.21@neoma-bs.com
NEOMA Business School,neoma-bs.com,2,lena.geffroy.24@neoma-bs.com
KEDGE Business School,kedge.edu,0,
IÉSEG School of Management,ieseg.fr,2,Williamhenry.llewellyn@ieseg.fR
IÉSEG School of Management,ieseg.fr,2,jeremie.faure@ieseg.fr
TBS Education,tbs-education.fr,0,
Rennes School of Business,rennes-sb.com,1,charlyne.marechal@rennes-sb.com
Montpellier Business School,montpellier-bs.com,1,d.calas@montpellier-bs.com
Excelia Business School,excelia-group.com,1,morint24@excelia-group.com
ICN Business School,icn-artem.com,1,alexia.zanetti@icn-artem.com
ESSCA School of Management,essca.eu,4,thelma.chaillou@essca.eu
ESSCA School of Management,essca.eu,4,louis.levarlet-padiou@essca.eu
ESSCA School of Management,essca.eu,4,fanette.logier@essca.eu
ESSCA School of Management,essca.eu,4,jules.breant@essca.eu
EM Strasbourg Business School,em-strasbourg.com,0,
Burgundy School of Business,bsb-education.com,2,mariema.louis@bsb-education.com
Burgundy School of Business,bsb-education.com,2,louis.gaillard@bsb-education.com
Paris School of Business,psbedu.paris,0,
Institut Mines-Télécom Business School,imt-bs.eu,0,
EM Normandie,em-normandie.com,0,
Clermont School of Business,esc-clermont.fr,0,
MBS School of Business,mbs-education.com,0,
ISC Paris,iscparis.com,17,thomas.oger@iscparis.com
ISC Paris,iscparis.com,17,elliot.sliosberg@edu.iscparis.com
ISC Paris,iscparis.com,17,noe.obougou-zang@edu.iscparis.com
ISC Paris,iscparis.com,17,cbach@iscparis.com
ISC Paris,iscparis.com,17,flora.blanchard@edu.iscparis.com
ISC Paris,iscparis.com,17,emilienne.dietlin@iscparis.com
ISC Paris,iscparis.com,17,manon.bouvier@edu.iscparis.com
ISC Paris,iscparis.com,17,pierre.augis@edu.iscparis.com
ISC Paris,iscparis.com,17,adja-fatim.cisse@edu.iscparis.com
ISC Paris,iscparis.com,17,gferreira@iscparis.com
ISC Paris,iscparis.com,17,nathan.raspail@edu.iscparis.com
ISC Paris,iscparis.com,17,mathys.lubin@iscparis.com
ISC Paris,iscparis.com,17,lucas.nzayamo-bilongo@iscparis.com
ISC Paris,iscparis.com,17,osumarriva@iscparis.com
ISC Paris,iscparis.com,17,helene.le-rodallec@iscparis.com
ISC Paris,iscparis.com,17,nathan.flakser@iscparis.com
ISC Paris,iscparis.com,17,diane.arnould@iscparis.com
EDC Paris Business School,edcparis.edu,0,
ISG,isg.fr,3,dockx.honore@isg.fr
ISG,isg.fr,3,jules.geeraert@isg-luxury.fr
ISG,isg.fr,3,jeanne.landa@isg.fr
