term,created_at_android,created_at_web,views_android,views_web,status_android,status_web,presence
a cambio,2026-08-18,2026-07-02,1,3,In progress,1,both
a continuación,2026-06-20,2026-06-18,3,3,Not memorized,0,both
a cántaros,2026-08-10,,7,,In progress,,android_only
a decir verdad,2026-08-07,2026-08-07,3,3,In progress,0,both
a diario,2026-07-13,,1,,In progress,,android_only
a la manada,2026-06-13,,2,,In progress,,android_only
a la postre,2026-08-13,,1,,In progress,,android_only
a los gritos,2026-08-08,,2,,In progress,,android_only
a medias,2026-08-01,,1,,In progress,,android_only
a pesar de,2026-08-20,2026-08-08,1,1,In progress,1,both
a primera hora,2026-09-02,2026-07-09,11,11,In progress,1,both
a rajatabla,2026-07-26,,11,,In progress,,android_only
a raíz de,2026-07-18,,5,,In progress,,android_only
a toda costa,2026-09-02,2026-07-14,7,7,In progress,1,both
abanico,2026-09-03,2026-06-20,1,1,In progress,1,both
abarcar,2026-09-04,2026-06-05,12,12,Memorized,0,both
abarrotes,2026-07-21,,4,,In progress,,android_only
abastecimiento,2026-08-22,2026-06-30,3,4,Not memorized,1,both
abejorro,2026-07-16,,4,,In progress,,android_only
abejorros,2026-07-13,,10,,In progress,,android_only
abismo,2026-08-11,,1,,In progress,,android_only
abnegado,2026-08-03,,1,,In progress,,android_only
abocar,2026-08-07,,4,,In progress,,android_only
abogado,2026-08-20,2026-06-24,1,3,In progress,1,both
abonar,2026-07-31,,4,,In progress,,android_only
abono,2026-09-04,2026-08-16,10,10,Memorized,0,both
abordar,2026-08-17,2026-06-05,1,3,In progress,1,both
aborrecible,2026-06-13,,1,,In progress,,android_only
abrazo,,2026-06-20,,3,,0,web_only
abrigo,2026-07-31,2026-06-12,3,3,In progress,0,both
abrumado,2026-08-02,,1,,In progress,,android_only
abrumadora,2026-08-19,2026-06-05,3,3,In progress,3,both
abrumar,2026-07-27,,2,,In progress,,android_only
abultar,2026-08-06,,1,,In progress,,android_only
aburrido,2026-07-03,2026-06-21,1,3,In progress,1,both
acabado,2026-09-05,2026-06-14,3,3,In progress,0,both
acaecer,2026-08-13,,4,,In progress,,android_only
acaecida,2026-08-02,,1,,In progress,,android_only
acaparar,2026-08-08,,1,,In progress,,android_only
acariciar,2026-09-03,2026-07-04,1,1,In progress,1,both
acarrear,2026-07-24,,5,,In progress,,android_only
acaso,2026-07-11,,7,,In progress,,android_only
acatar,2026-08-10,2026-07-07,1,3,In progress,1,both
acertijo,2026-08-13,2026-08-01,1,1,In progress,1,both
acervo,2026-08-22,2026-07-12,3,4,Not memorized,1,both
achacar,2026-06-15,,4,,In progress,,android_only
achicar,2026-06-26,,1,,In progress,,android_only
aclaraciones,2026-08-01,,1,,In progress,,android_only
acogedor,2026-09-05,2026-06-18,1,4,In progress,1,both
acongojado,2026-08-09,,7,,In progress,,android_only
aconsejable,2026-08-16,2026-08-16,3,3,In progress,0,both
acontecimientos,2026-07-25,,2,,In progress,,android_only
acorde,2026-07-30,,10,,In progress,,android_only
acordes,2026-07-01,,6,,In progress,,android_only
acorralado,2026-07-18,,2,,In progress,,android_only
acosar,2026-07-10,,4,,In progress,,android_only
acoso,2026-06-23,,1,,In progress,,android_only
acostarse,2026-08-22,2026-06-11,3,3,In progress,0,both
acostumbrado,2026-07-09,2026-06-05,1,1,In progress,1,both
acotar,2026-08-15,,1,,In progress,,android_only
acreedor,2026-08-04,,7,,In progress,,android_only
acribillar,2026-07-31,,1,,In progress,,android_only
acuciante,2026-06-28,2026-06-05,5,5,In progress,1,both
adelanto,2026-06-18,2026-06-16,1,1,In progress,1,both
adelgazar,2026-08-04,,1,,In progress,,android_only
además,,2026-06-29,,3,,0,web_only
adentro,2026-07-03,2026-05-30,1,1,In progress,1,both
aderezo,2026-06-13,,1,,In progress,,android_only
adherirse,2026-06-05,,1,,In progress,,android_only
adormecer,2026-07-11,,1,,In progress,,android_only
adormecimiento,2026-07-27,,11,,In progress,,android_only
aduana,2026-08-26,2026-06-12,1,3,In progress,1,both
advertir,2026-08-22,2026-06-29,3,3,In progress,0,both
aeronave,2026-08-22,2026-07-05,3,3,In progress,0,both
afianzar,2026-08-18,2026-08-11,3,3,In progress,0,both
afinar,2026-08-21,2026-06-29,1,3,In progress,1,both
aflojar,2026-08-08,,4,,In progress,,android_only
afluencia,2026-08-22,2026-08-08,1,3,In progress,1,both
afrenta,2026-08-13,,1,,In progress,,android_only
afrontar,2026-08-26,2026-06-21,1,1,In progress,1,both
afuera llueve,2026-07-28,,2,,In progress,,android_only
afán,2026-08-13,2026-06-18,1,3,In progress,1,both
agarrar,2026-09-04,2026-06-27,1,1,In progress,1,both
agazapado,2026-07-13,,2,,In progress,,android_only
agente inmobiliario,2026-09-03,2026-06-07,3,3,In progress,0,both
agilizar,,2026-06-07,,3,,0,web_only
aglutinar,2026-07-09,,6,,In progress,,android_only
agobiado,2026-08-15,,1,,In progress,,android_only
agobio,2026-08-02,,7,,In progress,,android_only
agotado,2026-07-18,2026-06-26,1,1,In progress,1,both
agotador,2026-08-03,,1,,In progress,,android_only
agotar,2026-06-18,,7,,In progress,,android_only
agradecer,2026-08-22,2026-06-24,1,3,In progress,1,both
agrede,2026-08-08,,1,,In progress,,android_only
agredir,2026-08-08,,1,,In progress,,android_only
agua oxigenada,2026-05-26,2026-05-26,1,1,In progress,1,both
aguardiente,2026-08-12,2026-05-30,3,3,In progress,0,both
aguda,,2026-08-14,,3,,0,web_only
agudizarse,2026-08-01,,2,,In progress,,android_only
ahogar,2026-08-14,2026-08-14,1,1,In progress,1,both
ahogo,2026-06-24,,1,,In progress,,android_only
ahora bien,2026-09-11,2026-06-13,3,3,In progress,0,both
ahora mismo,2026-08-17,2026-06-11,3,3,In progress,0,both
ahorcar,2026-08-02,,7,,In progress,,android_only
ahorrar,2026-09-03,2026-06-20,1,3,In progress,1,both
ahorrativo,2026-08-14,,4,,In progress,,android_only
ahorro energético,2026-08-15,2026-06-24,3,3,In progress,0,both
ahí está,2026-09-04,2026-06-15,1,3,In progress,1,both
aire libre,2026-09-05,2026-07-02,3,3,In progress,0,both
airoso,2026-07-22,,7,,In progress,,android_only
ajustarse,2026-06-21,,1,,In progress,,android_only
al azar,2026-08-20,2026-06-13,1,1,In progress,1,both
al corriente,2026-08-28,2026-06-19,3,3,In progress,1,both
al costado,2026-08-04,,1,,In progress,,android_only
al mando,2026-07-31,,1,,In progress,,android_only
al parecer,2026-08-17,2026-08-17,1,1,In progress,1,both
al principio,2026-08-22,2026-06-16,3,3,In progress,0,both
al revés,2026-06-19,2026-06-20,1,1,In progress,1,both
ala,2026-08-21,2026-06-23,3,3,In progress,0,both
alabar,2026-07-01,,4,,In progress,,android_only
alacena,2026-08-05,,1,,In progress,,android_only
alambrado,2026-07-30,,2,,In progress,,android_only
alardear,2026-07-22,,8,,In progress,,android_only
albinas,2026-06-05,,1,,In progress,,android_only
alboroto,2026-06-28,2026-06-23,3,3,In progress,0,both
alcalde,2026-08-21,2026-06-16,1,1,In progress,1,both
alcance,,2026-06-18,,8,,1,web_only
alejarse,2026-08-22,2026-08-18,1,1,In progress,1,both
alentar,2026-08-03,,2,,In progress,,android_only
algo así,2026-07-02,2026-07-02,1,1,In progress,1,both
algo más,2026-08-12,2026-06-09,1,1,In progress,1,both
alguna vez,2026-06-13,,1,,In progress,,android_only
alicatado,2026-07-06,,1,,In progress,,android_only
aliento,2026-09-03,2026-06-23,3,4,Not memorized,1,both
aliviar,2026-09-11,2026-06-19,3,3,In progress,0,both
almacén,2026-09-05,2026-06-29,1,3,In progress,1,both
alocución,2026-07-05,,7,,In progress,,android_only
alojamiento,2026-08-10,2026-07-04,1,1,In progress,1,both
alquilar,2026-08-21,2026-07-01,3,3,In progress,0,both
alrededor,2026-08-14,2026-06-13,1,3,In progress,1,both
altavoz,2026-08-17,2026-08-17,1,1,In progress,1,both
alumbrado,2026-08-16,2026-06-14,3,3,In progress,0,both
ama de casa,2026-06-30,2026-06-13,3,3,In progress,0,both
amamantar,2026-08-11,,2,,In progress,,android_only
amanecer,2026-09-04,2026-06-20,1,3,In progress,1,both
amargura,2026-06-23,,1,,In progress,,android_only
amedrentar,2026-07-27,,5,,In progress,,android_only
amenaza,2026-08-17,2026-07-01,1,1,In progress,1,both
ametralladora,2026-08-11,,1,,In progress,,android_only
amparo,2026-09-04,2026-06-25,3,4,Not memorized,1,both
ancla,2026-08-07,,1,,In progress,,android_only
anclaje,2026-07-30,,1,,In progress,,android_only
angustia,2026-08-19,2026-06-15,3,3,In progress,0,both
anillo,2026-07-12,,7,,In progress,,android_only
animado,2026-08-19,2026-07-07,3,3,In progress,0,both
ansiar,2026-07-10,,1,,In progress,,android_only
antaño,2026-09-03,2026-06-18,1,1,In progress,1,both
antelación,2026-08-04,,1,,In progress,,android_only
antojo,2026-08-06,,1,,In progress,,android_only
anular,2026-07-09,,6,,In progress,,android_only
apacible,2026-08-17,2026-06-13,1,3,In progress,1,both
aparcamiento,2026-07-15,2026-06-24,1,1,In progress,1,both
aparentar,2026-06-21,,4,,In progress,,android_only
aparte,2026-09-04,2026-06-05,1,3,In progress,1,both
aparte de esto,2026-05-30,2026-05-30,1,1,In progress,1,both
apego,2026-08-19,,4,,In progress,,android_only
apellido,,2026-06-23,,3,,1,web_only
apestoso,2026-08-17,2026-07-07,1,1,In progress,1,both
apiadarse,2026-07-01,,5,,In progress,,android_only
aplastar,2026-07-26,2026-06-21,5,5,In progress,2,both
aplastarse,2026-07-24,,8,,In progress,,android_only
aplazar,2026-08-15,,1,,In progress,,android_only
Apoyaba,,2026-08-07,,3,,0,web_only
apoyar,2026-08-07,,3,,In progress,,android_only
apremio,2026-08-02,,1,,In progress,,android_only
aprendizaje,2026-08-16,2026-06-05,3,3,In progress,0,both
apresurarse,2026-08-04,,2,,In progress,,android_only
apretar,2026-08-05,,2,,In progress,,android_only
aprieta,2026-08-15,,1,,In progress,,android_only
aprisionar,2026-06-26,,1,,In progress,,android_only
aprovechar,2026-08-09,2026-07-02,1,3,In progress,1,both
apuesta,2026-09-05,2026-06-20,1,3,In progress,1,both
apuntar,2026-07-16,,4,,In progress,,android_only
apurar,2026-06-25,,1,,In progress,,android_only
apurarse,2026-07-26,,2,,In progress,,android_only
arbitro,2026-07-11,,1,,In progress,,android_only
arenas movedizas,2026-07-31,,1,,In progress,,android_only
armar,2026-09-02,2026-07-13,10,10,Memorized,0,both
arraigada,2026-06-07,,1,,In progress,,android_only
arraigado,2026-08-22,,4,,In progress,,android_only
arrancar,2026-08-17,2026-06-28,1,3,In progress,1,both
arrastrar,2026-08-26,2026-06-24,1,3,In progress,1,both
arrebatar,2026-08-08,,11,,In progress,,android_only
arreglar,2026-06-26,2026-06-16,1,1,In progress,1,both
arremeter,2026-08-06,,1,,In progress,,android_only
arrinconar,2026-07-30,,1,,In progress,,android_only
arrojar,2026-08-17,2026-06-18,1,1,In progress,1,both
arroyito,2026-08-06,,4,,In progress,,android_only
arroyo,2026-09-04,,7,,In progress,,android_only
arruga,2026-09-02,2026-07-09,5,5,In progress,1,both
artimaña,2026-07-17,,1,,In progress,,android_only
asentar,2026-09-01,2026-07-12,8,8,In progress,1,both
aseo,2026-07-17,,5,,In progress,,android_only
asesinato,2026-07-31,,1,,In progress,,android_only
asidero,2026-06-19,,1,,In progress,,android_only
asombroso,2026-08-12,2026-08-12,3,3,In progress,0,both
asumir,2026-08-10,,4,,In progress,,android_only
asustar,2026-07-13,,4,,In progress,,android_only
atacar,2026-08-05,,1,,In progress,,android_only
ataduras,2026-08-15,,1,,In progress,,android_only
atajo,2026-09-18,2026-06-28,10,9,In progress,1,both
atascado,2026-08-11,,2,,In progress,,android_only
atañe,2026-08-02,,1,,In progress,,android_only
atañer,2026-08-15,,1,,In progress,,android_only
ataúd,2026-09-02,2026-07-09,10,10,In progress,1,both
atemorizar,2026-08-08,,1,,In progress,,android_only
atención al cliente,2026-08-18,2026-07-15,1,3,In progress,1,both
atiende,2026-07-22,,2,,In progress,,android_only
atisbo,2026-08-01,,7,,In progress,,android_only
atracón,2026-08-05,,1,,In progress,,android_only
atrapado,2026-07-29,,5,,In progress,,android_only
atropellar,2026-07-01,,4,,In progress,,android_only
aturdirse,2026-07-31,,1,,In progress,,android_only
auditoría,2026-08-01,,1,,In progress,,android_only
auge,2026-09-04,2026-05-30,1,1,In progress,1,both
autito,2026-08-04,,1,,In progress,,android_only
autoestima,,2026-06-18,,3,,0,web_only
aval,2026-08-16,,1,,In progress,,android_only
avance,2026-08-25,2026-08-25,1,1,In progress,1,both
avanzar,2026-09-01,2026-07-09,7,7,In progress,1,both
avasallante,2026-06-07,,1,,In progress,,android_only
avergonzar,2026-06-21,,1,,In progress,,android_only
averiguación,2026-06-26,,4,,In progress,,android_only
averiguar,2026-08-13,2026-07-07,1,3,In progress,1,both
avinagrado,2026-07-31,,1,,In progress,,android_only
azahar,2026-08-07,,2,,In progress,,android_only
añorar,2026-07-09,,1,,In progress,,android_only
bajón,2026-07-31,,1,,In progress,,android_only
bala,2026-07-09,,4,,In progress,,android_only
balanza,2026-07-31,,1,,In progress,,android_only
baliza,2026-09-04,,9,,In progress,,android_only
bandeja,2026-08-14,2026-06-24,3,3,In progress,0,both
barandilla,2026-08-16,2026-06-09,3,3,In progress,0,both
barato,2026-08-07,2026-06-29,3,3,In progress,0,both
barbilla,2026-08-19,,4,,In progress,,android_only
barranco,2026-07-30,,1,,In progress,,android_only
barrer,2026-06-08,2026-06-09,0,0,Not memorized,0,both
barriga,2026-08-08,,1,,In progress,,android_only
barrio,2026-09-03,2026-09-03,1,1,In progress,1,both
basura,2026-08-26,2026-06-28,3,3,In progress,0,both
baúl,2026-08-03,,4,,In progress,,android_only
becario,2026-09-03,2026-06-13,3,3,In progress,0,both
bellota,2026-07-31,,4,,In progress,,android_only
bendecir,2026-08-11,,1,,In progress,,android_only
berrinche,2026-09-04,,5,,In progress,,android_only
berrinches,2026-08-22,,2,,In progress,,android_only
bisagra,2026-06-18,,1,,In progress,,android_only
blanqueo de dinero,2026-08-18,2026-06-20,3,3,In progress,0,both
boca abajo,2026-09-03,2026-07-01,1,1,In progress,1,both
boca en boca,2026-06-05,,1,,In progress,,android_only
bocados,2026-07-10,,4,,In progress,,android_only
bofetada,2026-08-16,,1,,In progress,,android_only
bombilla,2026-08-19,2026-06-23,1,3,In progress,1,both
bonachón,2026-07-31,,1,,In progress,,android_only
bondadoso,2026-07-12,,2,,In progress,,android_only
bono,2026-08-26,2026-06-11,3,3,In progress,0,both
borde,2026-06-28,2026-06-28,3,3,In progress,0,both
borrego,2026-07-14,,7,,In progress,,android_only
botín,,2026-08-22,,3,,0,web_only
brecha,2026-09-03,2026-08-18,1,1,In progress,1,both
brindar,2026-08-10,2026-06-16,1,1,In progress,1,both
broma,2026-08-20,2026-06-18,3,3,In progress,0,both
buceo,2026-08-20,2026-06-07,1,3,In progress,1,both
buen humor,2026-09-03,2026-05-30,3,3,In progress,0,both
bulto,2026-09-04,2026-06-23,2,2,In progress,2,both
burda,2026-07-05,,6,,In progress,,android_only
burdo,2026-09-04,2026-07-16,6,6,In progress,1,both
buzón,2026-07-17,2026-06-19,1,1,In progress,1,both
búsqueda,2026-07-20,2026-05-30,1,1,Not memorized,0,both
caballa,2026-06-20,2026-06-21,3,3,Not memorized,0,both
caber duda,2026-08-01,,4,,In progress,,android_only
cabeza de familia,2026-08-12,2026-06-11,1,3,In progress,1,both
cabida,2026-08-07,,4,,In progress,,android_only
cachetada,2026-08-15,,1,,In progress,,android_only
cachondeo,2026-08-25,2026-07-15,3,3,In progress,1,both
cachorro,2026-09-03,2026-07-01,1,3,In progress,1,both
caderas,2026-08-09,,7,,In progress,,android_only
caducó,2026-07-31,,4,,In progress,,android_only
caja fuerte,2026-08-19,2026-06-21,1,1,In progress,1,both
calabozo,2026-09-02,2026-07-10,8,8,In progress,1,both
calaña,2026-07-20,,2,,In progress,,android_only
callejón sin salida,2026-08-22,2026-06-02,1,3,In progress,1,both
calzarse,2026-07-17,,10,,In progress,,android_only
cambié de opinión,2026-06-10,2026-06-11,1,1,In progress,1,both
caminado,2026-08-08,,1,,In progress,,android_only
candado,2026-07-09,,1,,In progress,,android_only
cansa,2026-07-20,,7,,In progress,,android_only
cansador,2026-06-08,,4,,In progress,,android_only
cansancio,2026-08-15,2026-06-13,3,3,Not memorized,0,both
cantera,2026-06-21,,1,,In progress,,android_only
capa,2026-06-26,,4,,In progress,,android_only
capacitado,2026-06-08,,1,,In progress,,android_only
cariñoso,2026-08-23,2026-07-15,1,1,In progress,1,both
carnada,2026-08-08,,1,,In progress,,android_only
carroza,2026-06-21,,7,,In progress,,android_only
carruaje,2026-07-21,,2,,In progress,,android_only
cartero,2026-06-08,,1,,In progress,,android_only
casco,2026-08-12,2026-07-07,3,3,In progress,0,both
casco antiguo,2026-08-13,2026-07-06,1,3,In progress,1,both
casillero,2026-07-16,,2,,In progress,,android_only
cauce,2026-07-31,,1,,In progress,,android_only
caucho natural,2026-07-20,,2,,In progress,,android_only
caudal,2026-09-18,2026-07-04,1,3,In progress,0,both
cauteloso,2026-08-18,,1,,In progress,,android_only
cañadón,2026-08-16,,1,,In progress,,android_only
caño de agua,2026-08-11,,4,,In progress,,android_only
cebada,2026-08-15,,1,,In progress,,android_only
cegar,2026-08-11,,4,,In progress,,android_only
cejas,2026-08-02,,6,,In progress,,android_only
cenicienta,2026-08-03,,2,,In progress,,android_only
centrífuga,2026-06-05,2026-06-05,1,1,In progress,0,both
cepillo,,2026-06-14,,3,,1,web_only
cerca,2026-08-04,,6,,In progress,,android_only
cerciorarse,,2026-07-02,,5,,1,web_only
cerebro,2026-07-19,2026-06-18,1,3,In progress,1,both
chaleco,2026-08-21,2026-08-12,3,3,In progress,0,both
chantajeado,2026-08-11,,1,,In progress,,android_only
chantajear,2026-08-08,,4,,In progress,,android_only
chapucero,2026-08-13,,4,,In progress,,android_only
charco,2026-07-05,2026-06-09,1,1,In progress,1,both
charla,2026-07-13,,2,,In progress,,android_only
chatarra,2026-08-05,2026-06-21,1,1,In progress,1,both
chatura,2026-06-18,,7,,In progress,,android_only
chisme,2026-07-26,,4,,In progress,,android_only
chismoso,2026-06-02,,1,,In progress,,android_only
chiste,2026-07-14,2026-06-29,3,3,In progress,0,both
chivo expiatorio,2026-08-22,2026-06-12,1,1,In progress,1,both
chorro,2026-07-09,,1,,In progress,,android_only
ciervo,2026-08-02,,4,,In progress,,android_only
cinta adhesiva,2026-06-20,2026-06-21,1,1,In progress,1,both
cirujano,2026-07-11,,2,,In progress,,android_only
cita,2026-09-05,2026-06-12,1,3,In progress,1,both
ciudadanía,2026-08-22,2026-08-17,1,1,In progress,1,both
cizaña,2026-06-11,,4,,In progress,,android_only
clavar,2026-07-12,,1,,In progress,,android_only
clave,2026-07-31,2026-07-02,6,6,In progress,0,both
coartar,2026-06-14,,1,,In progress,,android_only
colegiaturas,2026-06-13,,1,,In progress,,android_only
combustible,2026-09-04,2026-07-07,1,3,In progress,1,both
comedor,2026-08-08,2026-06-28,1,3,In progress,1,both
comezón,2026-08-11,,1,,In progress,,android_only
como es sabido,,2026-06-30,,3,,1,web_only
comodín,2026-08-22,2026-06-07,1,1,In progress,1,both
compasivo,2026-08-11,,1,,In progress,,android_only
competencia,2026-08-18,,1,,In progress,,android_only
complacido,2026-08-16,2026-07-12,1,1,In progress,1,both
comportarse,2026-06-15,2026-06-15,1,1,In progress,1,both
compraventa,2026-09-18,2026-06-21,1,3,In progress,0,both
comunicado de prensa,2026-08-21,2026-06-23,1,3,In progress,1,both
con esmero,2026-07-23,,2,,In progress,,android_only
concertar,2026-07-16,2026-06-19,1,3,In progress,1,both
concienciación,2026-09-11,2026-06-14,3,3,In progress,0,both
concretar,2026-08-14,2026-07-01,1,3,In progress,1,both
confesar,2026-06-26,,1,,In progress,,android_only
confiado,2026-07-24,,8,,In progress,,android_only
confiado por,2026-07-17,,2,,In progress,,android_only
confianza,2026-08-18,2026-07-01,3,3,In progress,0,both
confiesa,2026-06-13,,1,,In progress,,android_only
conformar,2026-07-18,,1,,In progress,,android_only
congeniar,2026-08-03,,1,,In progress,,android_only
conllevar,2026-08-05,,1,,In progress,,android_only
conque,2026-08-16,,1,,In progress,,android_only
consuelo,2026-09-03,2026-06-13,1,3,In progress,1,both
consultoría,2026-07-12,,2,,In progress,,android_only
contención,2026-08-04,,7,,In progress,,android_only
contienda,2026-07-13,,1,,In progress,,android_only
contracara,2026-08-19,,5,,In progress,,android_only
contrincante,2026-08-06,,4,,In progress,,android_only
contundente,2026-06-25,2026-06-14,1,1,In progress,1,both
convenio,2026-07-05,,1,,In progress,,android_only
corcel,2026-07-01,,4,,In progress,,android_only
cordillera,2026-08-21,2026-06-11,1,3,In progress,1,both
corral,2026-08-06,,1,,In progress,,android_only
correa,2026-09-05,2026-06-11,1,3,In progress,1,both
corresponder,2026-07-02,,1,,In progress,,android_only
corrido,2026-06-13,,1,,In progress,,android_only
cosquilleo,2026-08-02,,1,,In progress,,android_only
costado,2026-07-31,,2,,In progress,,android_only
criarse,2026-08-08,,4,,In progress,,android_only
cronograma,2026-08-10,,4,,In progress,,android_only
crujir,2026-09-01,2026-06-09,5,5,In progress,1,both
cuidado,2026-09-05,2026-06-11,3,3,In progress,0,both
cuidador,2026-09-01,2026-07-10,10,10,In progress,1,both
cuidadoso,2026-09-02,2026-07-04,9,9,In progress,1,both
culpable,2026-08-09,2026-06-27,1,3,In progress,1,both
cumplido,2026-08-13,2026-08-13,1,1,In progress,1,both
cumplir el plazo,2026-09-02,2026-07-11,13,13,Memorized,0,both
cuota,2026-07-11,,1,,In progress,,android_only
cupo,2026-07-25,,8,,In progress,,android_only
curandero,2026-08-07,2026-08-07,3,3,Not memorized,0,both
cántaro,2026-07-11,,8,,In progress,,android_only
cáscara,2026-08-16,2026-06-29,1,3,In progress,1,both
césped,2026-07-07,2026-07-07,1,1,In progress,1,both
cómplice,2026-08-24,2026-06-18,1,1,In progress,1,both
dar la vuelta,2026-08-26,2026-06-05,1,1,In progress,1,both
dar por sentado,2026-08-25,,1,,In progress,,android_only
dar vuelta,2026-06-07,,1,,In progress,,android_only
darse cuenta,2026-07-20,2026-06-21,1,1,In progress,1,both
dañar,2026-08-24,2026-06-23,1,3,In progress,1,both
dañino,2026-08-13,,4,,In progress,,android_only
daños y perjuicios,,2026-06-29,,3,,0,web_only
de hacerse,2026-06-08,,1,,In progress,,android_only
de mérito,2026-07-31,,1,,In progress,,android_only
de punto,2026-08-05,,4,,In progress,,android_only
de veras,2026-07-07,2026-06-02,1,3,In progress,1,both
decaimiento,2026-08-14,,4,,In progress,,android_only
dejar,2026-08-21,2026-06-29,1,1,In progress,1,both
delatar,2026-08-07,,1,,In progress,,android_only
deleitarse,2026-08-02,,7,,In progress,,android_only
delgado,2026-09-04,2026-09-04,3,3,In progress,0,both
delito,2026-07-13,2026-05-30,1,3,In progress,1,both
demanda,2026-06-26,,1,,In progress,,android_only
deparar,2026-06-20,,1,,In progress,,android_only
derribar,2026-09-02,2026-07-14,7,7,In progress,1,both
derrota,2026-07-01,,4,,In progress,,android_only
derrotar,2026-06-28,,1,,In progress,,android_only
derrumbar,2026-07-15,,8,,In progress,,android_only
desafío,2026-08-17,2026-07-02,3,3,In progress,0,both
desamparado,2026-08-11,,1,,In progress,,android_only
desapercibido,2026-08-25,2026-07-13,3,3,In progress,1,both
desatar,2026-07-10,,4,,In progress,,android_only
desazón,2026-08-04,,2,,In progress,,android_only
desbordar,2026-07-13,,2,,In progress,,android_only
desbordarse,2026-08-05,,1,,In progress,,android_only
desconcertado,2026-08-13,,5,,In progress,,android_only
desconfianza,2026-08-03,,4,,In progress,,android_only
descontrol,2026-08-05,,7,,In progress,,android_only
descuartizar,2026-07-31,,4,,In progress,,android_only
descuidar,2026-07-31,,1,,In progress,,android_only
desdibujar,2026-08-01,,7,,In progress,,android_only
desdicha,2026-08-11,,1,,In progress,,android_only
desdén,2026-08-07,,1,,In progress,,android_only
desechar,2026-06-05,,1,,In progress,,android_only
desembocar,2026-06-08,,1,,In progress,,android_only
desempeñar,2026-06-25,2026-06-26,1,1,In progress,1,both
desempeño,2026-09-02,2026-07-15,8,8,In progress,1,both
desencadenar,2026-08-09,,1,,In progress,,android_only
desentonar,2026-06-28,,1,,In progress,,android_only
desenvolverse,2026-06-30,,1,,In progress,,android_only
desenvolvimiento,2026-07-01,,7,,In progress,,android_only
desgano,2026-07-11,,5,,In progress,,android_only
desgastar,2026-07-11,,2,,In progress,,android_only
desgaste,2026-08-05,2026-07-07,1,1,In progress,1,both
desglose,2026-08-17,2026-06-21,3,3,Not memorized,0,both
desguace,2026-06-15,2026-06-16,1,1,In progress,1,both
deshacerse,2026-09-18,2026-07-10,1,1,In progress,0,both
desilusionar,2026-07-30,,6,,In progress,,android_only
desligarse,2026-08-15,,1,,In progress,,android_only
desmayar,2026-08-05,,7,,In progress,,android_only
desmedido,2026-07-19,,11,,In progress,,android_only
desmoronarse,2026-08-03,,1,,In progress,,android_only
despacho,2026-06-08,2026-06-09,0,0,Not memorized,0,both
despectivo,2026-08-01,,7,,In progress,,android_only
despegue,2026-08-13,2026-06-13,3,3,In progress,0,both
despejar,2026-06-08,,1,,In progress,,android_only
despilfarro,2026-07-17,2026-06-28,3,3,In progress,0,both
desplazar,2026-08-07,,1,,In progress,,android_only
desplegar,2026-08-22,,1,,In progress,,android_only
desprenderse,2026-08-08,,1,,In progress,,android_only
desprestigiar,2026-07-24,,2,,In progress,,android_only
destrabar,2026-09-02,2026-07-10,8,8,In progress,1,both
desvalorización,2026-08-26,,3,,In progress,,android_only
desvanecerse,2026-06-11,,1,,In progress,,android_only
desventaja,2026-06-30,2026-06-30,3,3,In progress,0,both
desván,2026-08-04,,1,,In progress,,android_only
detallista,2026-07-31,,1,,In progress,,android_only
detenerse,2026-06-11,,1,,In progress,,android_only
detenerse en,2026-06-05,,1,,In progress,,android_only
detenidamente,2026-06-13,,1,,In progress,,android_only
develar,2026-07-09,,1,,In progress,,android_only
devolución,2026-08-02,,2,,In progress,,android_only
dicha,2026-08-03,,1,,In progress,,android_only
dimes,2026-09-05,,3,,In progress,,android_only
dique,2026-07-30,,1,,In progress,,android_only
dirigirse a,2026-08-06,,1,,In progress,,android_only
discernimiento,2026-06-28,,1,,In progress,,android_only
disfraz,2026-08-20,2026-07-05,1,1,In progress,1,both
disfrutar,2026-08-21,2026-06-18,3,3,In progress,0,both
disparador,2026-06-26,,1,,In progress,,android_only
dispararse,2026-08-05,,1,,In progress,,android_only
dispuesto,2026-08-26,,3,,In progress,,android_only
dolido,2026-08-03,,1,,In progress,,android_only
dominio propio,2026-06-25,,7,,In progress,,android_only
dondequiera,2026-09-05,2026-07-05,1,3,In progress,1,both
duelo,2026-08-03,,1,,In progress,,android_only
dueño,2026-08-18,2026-07-01,1,3,In progress,1,both
dádiva,2026-08-13,,4,,In progress,,android_only
echar un vistazo,2026-09-03,2026-06-18,3,3,In progress,0,both
efusividad,2026-07-01,,1,,In progress,,android_only
ejecutar,2026-07-10,,1,,In progress,,android_only
ejecutivo,2026-07-25,,4,,In progress,,android_only
elección,2026-07-10,,2,,In progress,,android_only
embarazar,2026-07-22,,2,,In progress,,android_only
embarazoso,2026-08-18,2026-06-19,3,3,In progress,0,both
empalagoso,2026-08-26,,5,,In progress,,android_only
empapar,2026-07-01,,1,,In progress,,android_only
empecinarse,2026-06-18,,4,,In progress,,android_only
empequeñecer,2026-08-15,,1,,In progress,,android_only
empezar,2026-08-21,2026-07-01,3,3,In progress,0,both
empeño,2026-08-21,2026-07-06,3,3,In progress,1,both
en alza,2026-06-20,,1,,In progress,,android_only
en cambio,2026-07-26,,2,,In progress,,android_only
en carne propia,2026-07-14,,1,,In progress,,android_only
en demasía,2026-07-17,,4,,In progress,,android_only
en fin,2026-08-08,2026-06-30,3,3,Not memorized,0,both
en marcha,2026-08-20,2026-08-17,1,1,In progress,1,both
en pos de,2026-08-11,,1,,In progress,,android_only
en vez de,2026-06-14,,1,,In progress,,android_only
en vigor,2026-08-22,2026-06-21,3,3,In progress,0,both
encajar,2026-08-04,,14,,In progress,,android_only
encandilar,2026-08-06,,2,,In progress,,android_only
encarar,2026-07-14,,2,,In progress,,android_only
encogerse,2026-08-15,,1,,In progress,,android_only
encomiable,2026-09-03,2026-06-29,1,3,In progress,1,both
encubrir,2026-07-30,,1,,In progress,,android_only
endeudamiento,2026-08-21,2026-08-07,1,3,In progress,1,both
enfermiza,2026-07-12,,5,,In progress,,android_only
enfriar,2026-09-03,2026-06-18,1,3,In progress,1,both
enganche,2026-07-31,,1,,In progress,,android_only
engaño,2026-08-21,2026-06-18,1,1,In progress,1,both
engreído,2026-07-25,,2,,In progress,,android_only
enjuague,2026-09-02,2026-07-09,7,7,In progress,1,both
enjuiciar,2026-07-01,,7,,In progress,,android_only
enredarse,2026-08-10,,7,,In progress,,android_only
ensanchar,2026-08-06,,1,,In progress,,android_only
ensancharse,2026-06-18,,7,,In progress,,android_only
enseñable,2026-07-12,,1,,In progress,,android_only
enseñanza,2026-07-20,,4,,In progress,,android_only
ensillar,2026-06-13,,4,,In progress,,android_only
ensimismado,2026-08-03,,1,,In progress,,android_only
enterarse,2026-08-21,2026-06-23,1,1,In progress,1,both
entorno,2026-07-31,,1,,In progress,,android_only
entorpecer,2026-08-23,2026-06-11,1,3,In progress,1,both
entrecortado,2026-09-04,,14,,In progress,,android_only
entredicho,2026-06-21,,7,,In progress,,android_only
entregado,2026-07-23,,5,,In progress,,android_only
entregar,2026-08-22,2026-06-12,1,3,In progress,1,both
entrenamiento,2026-08-12,2026-06-20,1,3,In progress,1,both
entretejer,2026-07-28,,2,,In progress,,android_only
entretenido,2026-08-01,2026-07-01,1,3,In progress,1,both
envergadura,2026-08-22,2026-07-02,3,3,In progress,0,both
envoltorio,2026-08-06,,1,,In progress,,android_only
envuelto,2026-08-25,,2,,In progress,,android_only
equipaje de mano,2026-08-18,2026-06-30,3,3,In progress,0,both
equivocado,2026-08-23,2026-06-23,1,3,In progress,1,both
erradicar,2026-06-21,,1,,In progress,,android_only
escabeche,2026-06-30,,1,,In progress,,android_only
escala,2026-09-04,,12,,Memorized,,android_only
escalofriante,2026-07-31,,1,,In progress,,android_only
escalofríos,2026-08-13,,1,,In progress,,android_only
escaso,2026-08-25,2026-06-13,1,3,In progress,1,both
escoger,2026-09-04,2026-06-16,4,4,In progress,1,both
escollo,2026-08-19,,1,,In progress,,android_only
esconder,2026-08-18,2026-06-28,2,2,In progress,2,both
escudriñar,2026-08-11,,1,,In progress,,android_only
escupir,2026-07-18,,5,,In progress,,android_only
escándalo,2026-06-10,2026-06-11,3,3,In progress,0,both
esforzarse,2026-09-03,2026-06-28,1,3,In progress,1,both
eslabón,2026-09-04,,2,,In progress,,android_only
esmerarse,2026-07-14,,2,,In progress,,android_only
espantado,2026-08-11,,1,,In progress,,android_only
esparcir,2026-08-19,,1,,In progress,,android_only
espeluznante,2026-09-04,2026-07-07,1,3,In progress,1,both
espero que,2026-06-20,2026-06-21,1,1,In progress,1,both
espino,2026-07-30,,1,,In progress,,android_only
estacionamiento,2026-09-05,2026-06-11,1,3,In progress,1,both
estado anímico,2026-08-14,,1,,In progress,,android_only
estafa,2026-07-17,2026-07-17,3,3,In progress,0,both
estallar,2026-08-14,2026-06-13,1,3,In progress,1,both
estallido,2026-08-03,,5,,In progress,,android_only
estancado,2026-08-26,2026-05-30,3,3,In progress,0,both
estancarse,2026-07-17,,2,,In progress,,android_only
estancia,2026-09-03,2026-06-07,3,3,In progress,0,both
estar en todas,2026-06-19,,1,,In progress,,android_only
estima,2026-06-14,,1,,In progress,,android_only
estimación,2026-07-01,2026-07-01,3,3,In progress,0,both
estirado,2026-08-06,,1,,In progress,,android_only
estirpe,2026-08-03,,1,,In progress,,android_only
estragos,2026-07-12,,1,,In progress,,android_only
estreñimiento,2026-08-08,,1,,In progress,,android_only
estribar,2026-06-10,,5,,In progress,,android_only
estropear,,2026-07-09,,1,,1,web_only
estruendo,2026-08-06,,5,,In progress,,android_only
exigencia,2026-09-04,,5,,In progress,,android_only
exigido,2026-08-11,,2,,In progress,,android_only
explotar,2026-09-02,2026-07-09,15,15,Memorized,0,both
extenderse,2026-09-04,,5,,In progress,,android_only
factible,2026-09-05,2026-06-19,1,3,In progress,1,both
falda,2026-08-06,,1,,In progress,,android_only
falencia,2026-07-30,,7,,In progress,,android_only
fallar,2026-09-03,2026-06-09,1,3,In progress,1,both
falta de respeto,2026-09-03,2026-07-13,1,1,In progress,1,both
fanfarronear,2026-08-07,,1,,In progress,,android_only
fanfarrón,2026-07-12,,1,,In progress,,android_only
fardo,2026-07-12,,8,,In progress,,android_only
fecha tope,2026-08-10,,1,,In progress,,android_only
felpudo,2026-07-22,,8,,In progress,,android_only
festejar,2026-08-15,,1,,In progress,,android_only
fiable,2026-08-20,2026-06-18,3,3,In progress,0,both
fianza,2026-09-03,2026-07-01,3,4,Not memorized,1,both
fierro,2026-09-04,,5,,In progress,,android_only
filosas,2026-07-29,,4,,In progress,,android_only
flecha,2026-06-21,,1,,In progress,,android_only
flechazo,2026-08-09,,1,,In progress,,android_only
forro,2026-06-18,,1,,In progress,,android_only
frialdad,2026-08-03,,4,,In progress,,android_only
frustrado,2026-06-11,,6,,In progress,,android_only
fuga,2026-09-03,2026-08-19,1,3,In progress,1,both
funda,2026-09-11,2026-06-05,3,3,In progress,0,both
fusilar,2026-07-25,,2,,In progress,,android_only
galardonado,2026-07-23,2026-07-05,1,3,In progress,1,both
ganadería,2026-09-11,2026-07-10,3,3,In progress,0,both
ganancias,2026-07-06,2026-06-07,1,3,In progress,1,both
garganta,2026-07-17,2026-07-07,1,1,In progress,1,both
garra,2026-08-08,,8,,In progress,,android_only
garrapatas,2026-06-24,,1,,In progress,,android_only
garras,2026-08-08,,1,,In progress,,android_only
gaseosa,2026-07-30,,4,,In progress,,android_only
gastar,2026-07-06,2026-06-29,3,3,In progress,0,both
gato encerrado,2026-08-03,,1,,In progress,,android_only
golondrina,2026-07-02,,1,,In progress,,android_only
graficar,2026-08-04,,1,,In progress,,android_only
granja,2026-06-28,2026-05-30,1,1,In progress,1,both
gravamen,2026-08-15,2026-07-01,3,3,Not memorized,0,both
grifo,2026-08-17,2026-06-18,1,1,In progress,1,both
grilla,2026-06-28,,1,,In progress,,android_only
grupal,2026-08-15,,4,,In progress,,android_only
guardaespaldas,2026-08-18,,1,,In progress,,android_only
guardar silencio,2026-06-18,,1,,In progress,,android_only
guarida,2026-09-03,2026-09-03,1,1,In progress,1,both
guionista,2026-08-19,2026-06-18,1,3,In progress,1,both
habilidoso,2026-07-16,,2,,In progress,,android_only
hablado,2026-06-18,,1,,In progress,,android_only
habladurías,2026-07-10,,1,,In progress,,android_only
hace falta,2026-09-02,2026-07-15,8,8,In progress,1,both
hacer hincapié,2026-09-03,2026-07-01,1,1,In progress,1,both
hacer malabares,2026-08-01,,7,,In progress,,android_only
hacer una cama,2026-06-21,,1,,In progress,,android_only
hacienda,2026-08-17,2026-07-07,3,3,In progress,0,both
halagar,2026-08-13,,2,,In progress,,android_only
halagos,2026-08-09,,7,,In progress,,android_only
hallar,2026-08-10,2026-06-30,1,3,In progress,1,both
hallarse,2026-08-25,,2,,In progress,,android_only
hallazgo,,2026-06-21,,3,,0,web_only
hazaña,2026-07-31,2026-07-06,4,4,In progress,1,both
hazmerreír,2026-08-26,,2,,In progress,,android_only
hechicería,2026-06-23,,1,,In progress,,android_only
hechizar,2026-06-19,,1,,In progress,,android_only
hechizo,2026-08-17,2026-06-30,1,1,In progress,1,both
hecho que pareciera,2026-07-11,,1,,In progress,,android_only
hierro,2026-07-29,,4,,In progress,,android_only
hincapié,2026-08-03,,5,,In progress,,android_only
hogar,2026-09-05,2026-06-23,3,3,In progress,0,both
horadar,2026-08-04,,1,,In progress,,android_only
horquilla,2026-08-26,2026-08-26,3,4,Not memorized,1,both
hostigar,2026-06-21,,1,,In progress,,android_only
huella,2026-08-17,2026-06-28,1,3,In progress,1,both
huellas digitales,2026-08-19,2026-07-04,7,7,In progress,1,both
huesudo,2026-07-30,,1,,In progress,,android_only
hundir,2026-07-30,,7,,In progress,,android_only
huérfano,2026-08-15,,1,,In progress,,android_only
huésped,2026-08-20,2026-06-30,1,3,In progress,1,both
idóneo,2026-06-28,2026-06-23,3,3,In progress,0,both
ilusionada,2026-09-02,2026-07-10,8,8,In progress,1,both
ilusionarse,2026-09-02,2026-07-11,9,9,In progress,1,both
ilusión,2026-09-01,2026-07-19,8,8,In progress,1,both
impago,2026-08-17,2026-07-20,1,1,In progress,1,both
imprescindible,2026-08-09,2026-08-09,1,1,In progress,1,both
incansable,2026-07-07,2026-06-16,1,3,In progress,1,both
incautación,2026-09-05,2026-06-09,3,3,In progress,0,both
inclusive,2026-08-11,,1,,In progress,,android_only
incontables,2026-08-07,,4,,In progress,,android_only
incorporarse,2026-08-22,2026-06-30,3,3,In progress,0,both
inestable,2026-07-18,,2,,In progress,,android_only
inflar,2026-06-05,2026-06-05,1,1,In progress,1,both
informe,2026-07-12,,6,,In progress,,android_only
ingente,2026-09-05,2026-06-30,3,3,In progress,0,both
inocuo,2026-08-22,2026-06-30,1,1,In progress,1,both
inquebrantable,2026-09-04,2026-06-21,3,3,In progress,0,both
inquietante,2026-08-12,2026-06-18,3,3,In progress,0,both
inscribirse,2026-08-09,2026-07-04,1,3,In progress,1,both
intrascendente,2026-08-01,,1,,In progress,,android_only
inversión,2026-05-29,2026-05-29,1,1,In progress,1,both
involucrada,2026-09-01,2026-07-09,7,7,In progress,1,both
involucrado,2026-07-23,,2,,In progress,,android_only
jabalí,2026-06-08,2026-06-09,0,0,Not memorized,0,both
jactarse,2026-07-19,,2,,In progress,,android_only
jerga,2026-08-22,2026-06-13,1,3,In progress,1,both
jinete,2026-08-16,2026-06-16,1,3,In progress,1,both
jornada laboral,2026-08-26,2026-06-14,3,3,In progress,0,both
joyería,2026-08-19,2026-06-11,1,1,In progress,1,both
juego de rol,2026-07-30,2026-07-30,1,1,In progress,1,both
jugarse,2026-08-13,,1,,In progress,,android_only
juzgar,2026-08-10,2026-06-14,1,3,In progress,1,both
labor,2026-08-03,,1,,In progress,,android_only
ladrar,2026-06-02,2026-06-02,1,1,In progress,1,both
laguna,2026-06-28,2026-06-29,3,3,In progress,0,both
lamentable,2026-08-12,2026-06-23,1,3,In progress,1,both
lastimado,2026-07-09,,1,,In progress,,android_only
lebrel,2026-08-05,,1,,In progress,,android_only
legado,2026-08-07,,1,,In progress,,android_only
lema,2026-07-31,,4,,In progress,,android_only
les parece,2026-09-02,2026-07-12,11,11,Memorized,0,both
levantar el vuelo,2026-08-09,,1,,In progress,,android_only
librar,2026-07-12,,6,,In progress,,android_only
libre albedrío,2026-06-07,,2,,In progress,,android_only
liderado,2026-07-30,,1,,In progress,,android_only
lidiar con,2026-08-20,2026-06-29,1,3,In progress,1,both
lienzo,2026-08-03,,1,,In progress,,android_only
limosna,2026-08-18,2026-06-18,1,3,In progress,1,both
limpieza de aire,2026-06-10,,6,,In progress,,android_only
lindero,2026-08-06,,4,,In progress,,android_only
lisa,2026-07-30,,1,,In progress,,android_only
lisa y llanamente,2026-07-30,,1,,In progress,,android_only
llamar la atención,2026-05-30,2026-05-30,1,1,In progress,1,both
llamativo,2026-08-10,,4,,In progress,,android_only
llanamente,2026-08-04,,1,,In progress,,android_only
llanto,2026-08-07,,4,,In progress,,android_only
llevar a cabo,2026-08-26,2026-07-07,1,1,In progress,1,both
llorar,2026-07-01,2026-06-24,1,1,In progress,1,both
lloroso,2026-07-18,,4,,In progress,,android_only
llover,2026-07-31,,2,,In progress,,android_only
llovía,2026-09-04,,6,,In progress,,android_only
lluvia,2026-07-09,,6,,In progress,,android_only
logro,2026-07-01,,6,,In progress,,android_only
loma,2026-08-13,,1,,In progress,,android_only
lomo,2026-07-10,,6,,In progress,,android_only
los tiempos,2026-09-02,2026-07-10,11,11,In progress,1,both
luto,2026-08-03,,1,,In progress,,android_only
mala onda,2026-08-10,,2,,In progress,,android_only
mala suerte,2026-09-03,2026-06-05,1,1,In progress,1,both
malabares,2026-09-05,,2,,In progress,,android_only
malabarista,2026-08-11,,4,,In progress,,android_only
maldad,2026-08-07,,2,,In progress,,android_only
malestar,2026-06-24,,7,,In progress,,android_only
maleza,2026-08-03,,1,,In progress,,android_only
malla,2026-07-11,,2,,In progress,,android_only
malvado,2026-06-24,,7,,In progress,,android_only
manantial,2026-06-28,,1,,In progress,,android_only
mancha,,2026-07-07,,1,,1,web_only
mandar,2026-08-02,,1,,In progress,,android_only
manejar,2026-08-10,2026-06-11,1,3,In progress,1,both
manejo,2026-06-10,,6,,In progress,,android_only
manillar,2026-06-14,2026-06-14,1,1,In progress,1,both
maniobra,2026-09-02,2026-07-12,11,11,In progress,1,both
manjar,2026-08-07,,4,,In progress,,android_only
manta,2026-06-14,,4,,In progress,,android_only
marcha,2026-07-12,,1,,In progress,,android_only
marcha atrás,2026-09-18,2026-06-24,1,3,In progress,0,both
mareo,2026-07-17,,2,,In progress,,android_only
marginal,2026-06-23,,1,,In progress,,android_only
materias primas,2026-07-17,2026-06-28,3,3,In progress,1,both
matices,2026-07-31,,1,,In progress,,android_only
maña,2026-08-11,,1,,In progress,,android_only
menguar,2026-07-31,,1,,In progress,,android_only
menoscabar,2026-08-22,2026-06-21,1,3,In progress,1,both
menosprecio,2026-07-10,,1,,In progress,,android_only
mentón,2026-08-13,,1,,In progress,,android_only
meramente,2026-08-22,2026-06-20,3,3,In progress,0,both
mercado de divisas,2026-06-14,,1,,In progress,,android_only
mermar,2026-07-13,,2,,In progress,,android_only
mientras que,2026-08-07,2026-06-13,1,3,In progress,1,both
migajas,2026-08-25,,3,,In progress,,android_only
mobiliario,2026-08-16,2026-07-17,3,3,In progress,0,both
modales,2026-06-14,,4,,In progress,,android_only
moho,2026-07-10,,2,,In progress,,android_only
molde,2026-07-27,,2,,In progress,,android_only
moldura,2026-08-09,,8,,In progress,,android_only
molestar,2026-07-06,2026-06-11,3,3,In progress,0,both
montículo,2026-08-06,,1,,In progress,,android_only
moraleja,2026-08-02,,1,,In progress,,android_only
mortandad,2026-08-08,,4,,In progress,,android_only
mostaza,2026-06-23,,1,,In progress,,android_only
movilizar,2026-07-21,,2,,In progress,,android_only
mozo,2026-07-11,,1,,In progress,,android_only
muleta,2026-08-01,,1,,In progress,,android_only
napa,2026-08-10,,2,,In progress,,android_only
narigón,2026-08-04,,1,,In progress,,android_only
natalidad,2026-08-16,2026-06-19,1,1,In progress,1,both
neblina,,2026-06-18,,3,,1,web_only
necesitado,2026-08-06,,1,,In progress,,android_only
nene,2026-06-10,2026-06-09,1,1,In progress,1,both
ni siquiera,2026-08-26,2026-06-07,3,3,In progress,0,both
niebla,2026-08-05,,6,,In progress,,android_only
nimias,2026-08-03,,4,,In progress,,android_only
nodriza,2026-06-14,,1,,In progress,,android_only
nombramiento,2026-07-11,,1,,In progress,,android_only
noticiero,2026-07-10,,1,,In progress,,android_only
novedoso,2026-06-30,,1,,In progress,,android_only
noviazgo,2026-07-31,,1,,In progress,,android_only
nudo,2026-08-06,,1,,In progress,,android_only
obrar,2026-08-10,,1,,In progress,,android_only
obvio,2026-06-13,2026-06-13,1,1,In progress,1,both
ocasionar,2026-07-01,,7,,In progress,,android_only
ocio,2026-06-18,,7,,In progress,,android_only
oficio,2026-07-09,,2,,In progress,,android_only
ojalá,2026-08-21,2026-07-15,3,3,In progress,0,both
oleada,2026-08-19,2026-06-28,1,3,In progress,1,both
olvidar,2026-08-20,2026-07-01,3,3,In progress,0,both
orgullo,2026-08-23,2026-06-29,1,3,In progress,1,both
orilla,2026-09-04,2026-06-02,1,3,In progress,1,both
ostra,2026-06-19,2026-06-19,3,3,In progress,0,both
otorgar,2026-07-03,2026-06-18,1,3,In progress,1,both
ovejas,2026-08-04,,4,,In progress,,android_only
padecer,2026-08-11,,1,,In progress,,android_only
palabra clave,,2026-06-02,,3,,1,web_only
paliar,2026-08-12,2026-07-18,1,3,In progress,1,both
palmadita,2026-08-04,,1,,In progress,,android_only
papel crucial,2026-08-19,2026-06-15,1,3,In progress,1,both
papilla,2026-08-06,,2,,In progress,,android_only
paradero,2026-09-04,2026-07-13,1,1,In progress,1,both
parir,2026-09-04,,2,,In progress,,android_only
parpadeo,2026-07-10,,1,,In progress,,android_only
partida,2026-07-15,,2,,In progress,,android_only
parémonos,2026-08-14,,4,,In progress,,android_only
pasar por alto,2026-06-26,,4,,In progress,,android_only
pasillo,2026-06-25,,1,,In progress,,android_only
patalear,2026-08-07,,5,,In progress,,android_only
patinazo,2026-08-02,,8,,In progress,,android_only
patria,2026-08-14,2026-06-16,1,3,In progress,1,both
patrocinio,2026-08-13,2026-06-11,1,1,In progress,1,both
patrones de conducta,2026-05-30,,2,,In progress,,android_only
patrón de vida,2026-07-09,,1,,In progress,,android_only
paulatinamente,2026-08-21,2026-06-18,3,3,In progress,0,both
pauta,2026-07-27,,2,,In progress,,android_only
pautas,2026-07-09,,2,,In progress,,android_only
peaje,2026-07-02,,1,,In progress,,android_only
pecar,2026-08-04,,1,,In progress,,android_only
pedacito,2026-09-04,,4,,Memorized,,android_only
pedazo,2026-06-24,,1,,In progress,,android_only
peligroso,2026-07-22,2026-06-21,3,3,In progress,0,both
pelotón,2026-08-14,,5,,In progress,,android_only
pelusas,2026-08-15,,1,,In progress,,android_only
pendiente,2026-08-02,,10,,In progress,,android_only
pendientes,2026-07-30,,5,,In progress,,android_only
pequeñeces,2026-08-03,,1,,In progress,,android_only
percatarse,2026-08-10,,14,,In progress,,android_only
perseguir,2026-07-30,,1,,In progress,,android_only
pesadilla,,2026-06-21,,3,,1,web_only
pesadumbre,2026-08-07,,1,,In progress,,android_only
pescuezo,2026-07-30,,10,,In progress,,android_only
piatto,2026-07-25,,4,,In progress,,android_only
picazón,2026-08-08,,1,,In progress,,android_only
pico,2026-08-16,,1,,In progress,,android_only
piedra angular,2026-07-07,2026-05-30,1,3,In progress,1,both
piedra de tropiezo,2026-07-10,,1,,In progress,,android_only
pisadas,2026-07-13,,4,,In progress,,android_only
pisotear,2026-07-14,,8,,In progress,,android_only
pizca,2026-08-22,2026-06-20,1,3,In progress,1,both
placard,2026-08-02,,4,,In progress,,android_only
placentero,2026-08-05,,1,,In progress,,android_only
plantear,2026-09-03,2026-07-04,1,3,In progress,1,both
plantearse,2026-07-26,,2,,In progress,,android_only
platicar,2026-06-24,,6,,In progress,,android_only
plática,2026-07-05,,2,,In progress,,android_only
podado,2026-07-30,,6,,In progress,,android_only
podar,2026-08-05,,1,,In progress,,android_only
poderío,2026-06-21,,1,,In progress,,android_only
por cierto,2026-08-26,2026-06-12,3,3,In progress,0,both
por desgracia,2026-09-03,2026-06-11,1,3,In progress,1,both
por ende,2026-09-18,2026-07-11,20,18,In progress,1,both
por los rincones,2026-07-31,,9,,In progress,,android_only
por suerte,2026-07-15,2026-07-04,1,1,In progress,1,both
por supuesto,2026-08-26,2026-07-01,1,1,In progress,1,both
pormenor,2026-07-11,,1,,In progress,,android_only
pormenores,2026-06-18,,7,,In progress,,android_only
pormenorizado,2026-07-16,2026-06-28,1,3,In progress,1,both
portarse mal,2026-06-08,2026-06-09,1,1,In progress,1,both
portavoz,2026-08-19,2026-06-20,3,3,In progress,0,both
postergar,2026-08-03,,1,,In progress,,android_only
pozo,2026-08-23,2026-06-23,1,3,In progress,1,both
precisar,2026-08-22,2026-06-18,4,4,In progress,1,both
prenda,2026-07-18,,2,,In progress,,android_only
prendado,2026-08-07,,1,,In progress,,android_only
prensa,2026-06-30,,1,,In progress,,android_only
presa,2026-07-24,,2,,In progress,,android_only
presas,2026-07-11,,4,,In progress,,android_only
prescindir,2026-08-14,2026-07-02,1,1,In progress,1,both
prestar atención,2026-08-20,2026-07-12,1,3,In progress,1,both
presumido,2026-07-06,,2,,In progress,,android_only
presupuesto,2026-08-08,2026-06-14,1,1,In progress,1,both
priorizar,2026-09-02,2026-07-11,8,8,In progress,1,both
procesión,2026-08-11,,4,,In progress,,android_only
prontitud,2026-07-09,,1,,In progress,,android_only
proveedor,2026-08-22,2026-06-21,1,3,In progress,1,both
préstamo,2026-08-20,2026-06-13,1,3,In progress,1,both
prójimo,,2026-06-24,,7,,1,web_only
prórroga,2026-08-22,2026-06-21,1,3,In progress,1,both
pujar,2026-08-15,,1,,In progress,,android_only
pulcro,2026-08-04,,7,,In progress,,android_only
pulido,2026-07-30,,1,,In progress,,android_only
punto de partida,2026-09-02,2026-07-09,9,9,In progress,1,both
punto débil,2026-08-21,2026-07-01,1,1,In progress,1,both
puntuar,2026-08-03,,1,,In progress,,android_only
punzante,2026-08-05,,7,,In progress,,android_only
pupitre,2026-08-09,,4,,In progress,,android_only
pólvora,2026-06-25,,7,,In progress,,android_only
púas,2026-07-31,,1,,In progress,,android_only
quebrantamiento,2026-07-13,,1,,In progress,,android_only
quebrantar,2026-06-25,,1,,In progress,,android_only
quebrar,2026-07-17,2026-06-25,1,1,In progress,1,both
queja,2026-08-19,2026-06-18,1,1,In progress,1,both
querido,2026-07-27,,2,,In progress,,android_only
quiebra,2026-09-05,2026-08-15,1,3,In progress,1,both
quiebre,2026-08-05,,1,,In progress,,android_only
quisquillas,2026-07-21,,5,,In progress,,android_only
quisquilloso,2026-06-14,,1,,In progress,,android_only
rabia,2026-07-31,,2,,In progress,,android_only
racha,2026-08-22,2026-06-05,1,1,In progress,1,both
rasgo,2026-08-19,2026-07-20,1,1,In progress,1,both
raspa,2026-06-05,2026-06-05,1,1,In progress,1,both
raspar,2026-05-30,2026-05-30,1,1,In progress,1,both
rebaja,2026-07-22,2026-06-24,3,3,In progress,0,both
rebotar,2026-08-07,,1,,In progress,,android_only
recaudación,2026-07-09,2026-06-19,3,3,In progress,0,both
recaudar fondos,2026-08-14,2026-08-12,1,1,In progress,1,both
rechazar,2026-09-05,2026-06-05,1,4,In progress,1,both
recibirse,2026-09-05,,5,,Memorized,,android_only
recobrar,2026-07-23,,5,,In progress,,android_only
recompensa,2026-09-03,2026-06-18,1,3,In progress,1,both
recostarse,2026-08-08,,1,,In progress,,android_only
recrudecimiento,2026-06-28,2026-06-16,1,1,In progress,1,both
recta,2026-06-13,,6,,In progress,,android_only
recursos,2026-06-10,,6,,In progress,,android_only
redondear,2026-06-13,2026-06-13,3,3,In progress,0,both
reforzar,2026-08-26,2026-06-28,1,3,In progress,1,both
regodearse,2026-07-15,,2,,In progress,,android_only
regreso,2026-08-26,2026-05-30,3,3,In progress,0,both
rehusar,2026-08-22,,1,,In progress,,android_only
reiterado,2026-06-26,,4,,In progress,,android_only
reivindicación,2026-08-17,2026-08-17,3,3,In progress,0,both
remendar,2026-07-09,,1,,In progress,,android_only
remera,2026-07-10,,8,,In progress,,android_only
remojo,2026-09-02,2026-07-10,7,7,In progress,1,both
rencor,2026-08-15,,1,,In progress,,android_only
rendimiento,2026-07-22,2026-06-21,1,3,In progress,1,both
rendir,2026-08-07,,1,,In progress,,android_only
rendir culto,2026-08-09,,7,,In progress,,android_only
renunciar,2026-06-18,2026-06-18,1,1,In progress,1,both
reparar en,2026-08-08,,2,,In progress,,android_only
repasar,2026-07-30,,1,,In progress,,android_only
replantear,2026-07-29,,5,,In progress,,android_only
replantearse,2026-06-13,,4,,In progress,,android_only
repleto,2026-08-06,,1,,In progress,,android_only
reprochar,2026-08-06,,4,,In progress,,android_only
reproche,2026-06-26,,4,,In progress,,android_only
rescate,2026-08-16,2026-07-07,1,3,In progress,1,both
resentido,2026-08-04,,1,,In progress,,android_only
reseña,2026-08-14,2026-07-22,1,3,In progress,1,both
resfriado,2026-06-23,,1,,In progress,,android_only
resguardar,2026-08-10,,1,,In progress,,android_only
resguardarse,2026-07-15,,2,,In progress,,android_only
resignar,2026-06-21,,1,,In progress,,android_only
respaldo,,2026-06-11,,3,,1,web_only
responderse,2026-07-30,,6,,In progress,,android_only
restar,2026-08-09,,7,,In progress,,android_only
resumen,2026-08-09,2026-06-30,1,3,In progress,1,both
retar,2026-08-10,,4,,In progress,,android_only
retrabajo,2026-09-01,2026-07-14,6,6,In progress,1,both
retraimiento,2026-08-09,,1,,In progress,,android_only
retrato,2026-08-10,2026-06-18,1,1,In progress,1,both
retroceder,2026-08-15,2026-06-19,3,3,In progress,0,both
retumbar,2026-06-21,,1,,In progress,,android_only
revancha,2026-08-03,2026-06-15,3,3,In progress,0,both
riesgo,2026-08-12,2026-08-07,1,3,In progress,1,both
rigen,2026-06-21,,7,,In progress,,android_only
rincón,2026-09-03,2026-09-03,3,3,In progress,0,both
risueña,2026-08-05,,1,,In progress,,android_only
ritmo cardíaco,2026-08-16,2026-06-28,1,3,In progress,1,both
rival,2026-08-13,2026-06-27,1,1,In progress,1,both
rodaje,2026-08-12,2026-06-18,1,3,In progress,1,both
rogar,2026-08-22,2026-06-23,1,3,In progress,1,both
rompecabezas,2026-08-24,2026-06-11,1,1,In progress,1,both
rotular,2026-08-03,,1,,In progress,,android_only
ruborizarse,2026-08-06,,2,,In progress,,android_only
ruin,2026-09-02,2026-07-23,14,14,In progress,1,both
ruiseñor,2026-08-02,,2,,In progress,,android_only
rumiar,2026-08-09,,1,,In progress,,android_only
ráfaga,2026-08-11,2026-07-05,2,2,In progress,2,both
rédito,2026-06-21,,1,,In progress,,android_only
sabiamente,2026-08-02,,1,,In progress,,android_only
sabiduría,2026-07-28,,2,,In progress,,android_only
sacar provecho,2026-06-21,,1,,In progress,,android_only
sacrificaré,2026-06-24,2026-06-24,1,1,In progress,1,both
salir airoso,2026-07-09,,2,,In progress,,android_only
se apiadará,2026-07-19,,2,,In progress,,android_only
se aprietan,2026-07-28,,8,,In progress,,android_only
se empecinan,2026-07-05,,7,,In progress,,android_only
se regodea,2026-07-01,,1,,In progress,,android_only
sea como fuere,2026-06-05,,1,,In progress,,android_only
secuela,2026-06-19,,1,,In progress,,android_only
semejante,2026-07-06,,1,,In progress,,android_only
senderismo,2026-08-26,2026-06-05,1,1,In progress,1,both
sentado,2026-07-31,,1,,In progress,,android_only
serruchar,2026-08-25,,13,,In progress,,android_only
si bien,2026-06-24,,4,,In progress,,android_only
sigiloso,2026-06-21,,1,,In progress,,android_only
silbar,2026-08-04,,6,,In progress,,android_only
sin escalas,2026-07-30,,4,,In progress,,android_only
sin siquiera,2026-07-31,,1,,In progress,,android_only
sobre la marcha,2026-06-19,,1,,In progress,,android_only
sobreponerse,2026-07-31,,1,,In progress,,android_only
sobresalir,2026-07-02,,2,,In progress,,android_only
sobresalto,2026-06-26,,1,,In progress,,android_only
socavar,2026-08-01,,1,,In progress,,android_only
solicitar,2026-07-16,,2,,In progress,,android_only
sortear,2026-08-16,,2,,In progress,,android_only
su eje,2026-09-04,,9,,In progress,,android_only
subasta,2026-08-12,2026-06-14,1,3,In progress,1,both
subrayar,,2026-06-13,,1,,1,web_only
subte,2026-06-24,,7,,In progress,,android_only
sueldo,2026-08-05,,4,,In progress,,android_only
sufriente,2026-09-02,2026-07-13,8,8,In progress,1,both
sufrientes,2026-07-23,,7,,In progress,,android_only
sujetar,2026-06-10,,4,,In progress,,android_only
sujetarse,2026-07-20,,2,,In progress,,android_only
sumergir,2026-07-31,,1,,In progress,,android_only
sumido,2026-07-19,,4,,In progress,,android_only
suministrar,2026-08-15,2026-06-30,4,4,In progress,1,both
sumérjase,2026-08-01,,7,,In progress,,android_only
supeditar,2026-08-11,,1,,In progress,,android_only
suplir,2026-08-10,,1,,In progress,,android_only
supuestamente,2026-08-18,2026-07-07,1,1,In progress,1,both
surtido,2026-08-22,2026-08-18,3,4,Not memorized,1,both
suspicacia,2026-08-09,,1,,In progress,,android_only
séquito,2026-07-05,,6,,In progress,,android_only
taller,2026-07-02,2026-06-14,3,3,In progress,0,both
tantear,2026-08-11,,4,,In progress,,android_only
tapados,2026-07-11,,1,,In progress,,android_only
tapar,2026-08-06,,1,,In progress,,android_only
tartamudear,2026-08-01,,6,,In progress,,android_only
tartamudo,2026-08-07,,1,,In progress,,android_only
telón,2026-06-28,,1,,In progress,,android_only
temeroso,2026-08-16,2026-07-04,3,3,In progress,0,both
tempestad,2026-08-11,,4,,In progress,,android_only
temple,2026-05-30,,1,,In progress,,android_only
tenderse,2026-08-02,,7,,In progress,,android_only
tener cuidado,,2026-06-16,,3,,1,web_only
tener éxito,2026-07-07,2026-07-07,1,1,In progress,1,both
tenerse,2026-07-16,,5,,In progress,,android_only
tergiversar,2026-08-02,,1,,In progress,,android_only
testear,2026-08-16,,1,,In progress,,android_only
testigo,2026-08-18,,1,,In progress,,android_only
teñida,2026-09-04,,6,,In progress,,android_only
tildar,2026-08-10,,7,,In progress,,android_only
timbre,,2026-06-18,,3,,1,web_only
todopoderoso,2026-06-13,,1,,In progress,,android_only
toparse con,2026-08-05,,7,,In progress,,android_only
torbellino,2026-07-14,,5,,In progress,,android_only
trabar,2026-09-02,2026-07-11,7,7,In progress,1,both
traicionar,2026-07-28,,8,,In progress,,android_only
trajín,2026-07-09,,2,,In progress,,android_only
trampa,2026-08-26,2026-08-11,3,3,In progress,0,both
tramposo,2026-06-24,,1,,In progress,,android_only
transcurrir,2026-06-15,,6,,In progress,,android_only
transpiración,2026-06-14,,4,,In progress,,android_only
traslado,2026-09-04,2026-06-23,1,3,In progress,1,both
trastorno,2026-06-26,,4,,In progress,,android_only
trato,2026-07-09,,7,,In progress,,android_only
travesía,2026-08-14,,4,,In progress,,android_only
tregua,2026-08-19,2026-07-06,1,3,In progress,1,both
trepar,2026-08-09,,2,,In progress,,android_only
trepar por,2026-06-13,,1,,In progress,,android_only
trocear,2026-07-29,,8,,In progress,,android_only
tropezón,2026-08-11,,1,,In progress,,android_only
títere,2026-07-31,,2,,In progress,,android_only
umbral,2026-08-01,2026-06-16,1,3,In progress,1,both
vajilla,2026-08-22,2026-07-22,1,3,In progress,1,both
valerse,2026-08-11,,1,,In progress,,android_only
vallado,2026-07-20,,2,,In progress,,android_only
valorar,2026-08-03,,1,,In progress,,android_only
valía,2026-07-14,,1,,In progress,,android_only
varado,2026-06-19,,1,,In progress,,android_only
varar,2026-06-05,,1,,In progress,,android_only
varón,2026-09-02,2026-07-13,7,7,In progress,1,both
vecindario,2026-08-13,2026-08-12,4,4,In progress,1,both
vedado,2026-08-07,,1,,In progress,,android_only
vejez,2026-08-06,,1,,In progress,,android_only
vejiga,2026-07-07,2026-07-07,1,1,In progress,1,both
velada,2026-08-22,2026-06-11,1,3,In progress,1,both
velatorio,2026-07-28,,5,,In progress,,android_only
vencimiento,2026-08-25,2026-06-13,1,3,In progress,1,both
venganza,2026-08-21,2026-06-21,1,3,In progress,1,both
vengativo,2026-08-07,,4,,In progress,,android_only
ventaja,2026-08-01,2026-06-02,1,1,In progress,1,both
veraneantes,2026-07-16,,11,,In progress,,android_only
vertido,2026-08-06,,1,,In progress,,android_only
victimarios,2026-06-08,,4,,In progress,,android_only
viga,2026-07-23,,8,,In progress,,android_only
vincularse,2026-08-11,,1,,In progress,,android_only
vislumbrar,2026-06-07,,1,,In progress,,android_only
vistazo,2026-09-01,2026-07-15,7,7,In progress,1,both
vivaz,2026-07-09,2026-06-29,3,3,In progress,0,both
vivencia,2026-07-30,,1,,In progress,,android_only
vivenciar,2026-06-21,,1,,In progress,,android_only
vizcacha,2026-08-08,,1,,In progress,,android_only
volar un puente,2026-07-01,,4,,In progress,,android_only
volcar,2026-07-29,,2,,In progress,,android_only
vuelta de tuerca,2026-07-11,,1,,In progress,,android_only
zambullirse,2026-08-02,,1,,In progress,,android_only
zarpar,2026-07-19,,2,,In progress,,android_only
zozobra,2026-08-13,,4,,In progress,,android_only
zumbido,2026-08-16,2026-06-13,3,3,In progress,0,both
ámbito,2026-08-22,2026-07-07,1,3,In progress,1,both
índole,2026-09-04,2026-06-02,6,6,Memorized,0,both
última milla,2026-09-01,2026-07-11,8,8,In progress,1,both
